{"loss": [11.268179557761368], "accuracy": [0.08960459381341934], "val_loss": [9.96376140912374], "val_accuracy": [0.08984375]}