{"loss": [8.264621158440908], "accuracy": [0.0], "val_loss": [16.11809539794922], "val_accuracy": [0.0]}